baseline,rmse,mae
persistence,0.10248590774078571,0.028569737263863162
climatology,0.06807971907278225,0.019510430058236456
linear_regression,0.06316168810652652,0.020728995093922613
