{
  "model": "thermo_snn",
  "seed": 0,
  "lead": [
    1,
    2,
    3,
    4,
    5,
    6
  ],
  "rmse": [
    0.07669117545539683,
    0.08998271579092199,
    0.09462670480663127,
    0.09732101369987835,
    0.09951223107901487,
    0.1035863838412545
  ],
  "mae": [
    0.02898302674293518,
    0.035326840152794664,
    0.04130059094591574,
    0.04751114079898054,
    0.045387222279201854,
    0.04387587010860443
  ],
  "ckpt": "experiments/SNN_phase1_lead1_K6_seed0.pt"
}