{
  "model": "icenet",
  "seed": 0,
  "lead": [
    1,
    2,
    3,
    4,
    5,
    6
  ],
  "rmse": [
    0.06783169270916418,
    0.0792210505767302,
    0.0819196417927742,
    0.0804707762192596,
    0.08153605704957789,
    0.08059423863887787
  ],
  "mae": [
    0.03987932950258255,
    0.04584940035234798,
    0.043863332881168886,
    0.04119975045323372,
    0.04293183156035163,
    0.040579011088067836
  ],
  "ckpt": "experiments/IceNetUNet_lead1_K6_seed0.pt"
}