{
  "model": "convlstm",
  "seed": 0,
  "lead": [
    1,
    2,
    3,
    4,
    5,
    6
  ],
  "rmse": [
    0.06968119964003563,
    0.07806196666576645,
    0.0807044502009045,
    0.08282325620001013,
    0.0845204622908072,
    0.08753869506445798
  ],
  "mae": [
    0.03201580752025951,
    0.03139866234903986,
    0.03220222693952647,
    0.0336357516321269,
    0.03504781333560293,
    0.038131899386644366
  ],
  "ckpt": "experiments/ConvLSTM_lead1_K6_seed0.pt"
}